2382,163 West 26th Street Erie PA 16508
213,2715 Parade Street Erie PA 16504
1699,9141 Ridge Road Girard PA 16417
1398,1 East High Street Union City PA 16438
596,827 N. Center Street Corry PA 16407
2380,975 Market Street Meadville PA 16335
10999,100 South Third Street Conneaut Lake PA 16316
4616,208 East Central Avenue Titusville PA 16354
10995,1851 East State Street Hermitage PA 16148
1668,700 Sharon New Castle Rd. Farrell PA 16121
3972,811 East State Street Sharon PA 16146
10994,135 South Market Street New Wilmington PA 16142
2769,100 Franklin Street Mercer PA 16137
3449,335 Main Street Greenville PA 16125
1406,521 North Fraley Street Kane PA 16735
596,827 N. Center Street Corry PA 16407
2476,101 Main Street Ridgway PA 15853
1496,508 East Second Street Oil City PA 16301
7853,901 S Saint Marys Street Saint Marys PA 15857
2474,59 North Main Street Port Allegany PA 16743
11002,1020 Liberty Street Franklin PA 16323
10939,4411 Howley Street Pittsburgh PA 15224
3527,155 Chartiers Avenue McKees Rocks PA 15136
274,1700 Murray Avenue Pittsburgh PA 15217
4682,100 William Marks Drive Munhall PA 15120
10914,1700 Pine Hollow Road. McKees Rocks PA 15120
10909,1710 Mount Royal Blvd. Glenshaw PA 15116
10907,2100 Washington Pike Carnegie PA 15106
10954,1125 Freeport Road Pittsburgh PA 15238
10934,2336 Ardmore Boulevard Pittsburgh PA 15221
1370,725 Lysle Boulevard McKeesport PA 15132
10975,201 West Mahoning Street Punxsutawney PA 15767
1548,610 Broad Street New Bethlehem PA 16242
10976,431 Commons Drive Dubois PA 15801
10998,165 Butler Road Kittanning PA 16201
740,8878 Clearfield Curwensville Clearfield PA 16830
264,375 Philadelphia Street Indiana PA 15701
7850,620 E Allegheny Avenue Emporium PA 15834
